{
  "saved_at": "2026-04-10T20:56:11.393870+00:00",
  "sharpe": 0.5352074966532798,
  "best_sharpe": 0.5352074966532798,
  "n_samples": 1494,
  "n_pca": 15,
  "val_acc": 0.5352074966532798
}