{
  "saved_at": "2026-04-06T22:27:00.985978+00:00",
  "sharpe": 0.5947121820615797,
  "best_sharpe": 0.6104417670682731,
  "n_samples": 1494,
  "n_pca": 15,
  "val_acc": 0.5602409638554217
}