{
  "saved_at": "2026-04-06T16:48:46.182536+00:00",
  "sharpe": -15.508610433921296,
  "best_sharpe": -13.02183142496713,
  "n_samples": 495
}